<?xml version="1.0" encoding="UTF-8" ?>
<pt_veryhigh>
    <min_rays>1024</min_rays>
    <max_rays>65536</max_rays>
    <relative_err>1.0</relative_err>
    <ray_bounce>16</ray_bounce>
    <diff_bounce>8</diff_bounce>
    <bsdf_clamp_on>0</bsdf_clamp_on>
    <bsdf_clamp>1000000</bsdf_clamp>
    <env_clamp>5.0</env_clamp>
</pt_veryhigh>
<pt_high>
    <min_rays>256</min_rays>
    <max_rays>4096</max_rays>
    <relative_err>2.0</relative_err>
    <ray_bounce>10</ray_bounce>
    <diff_bounce>5</diff_bounce>
    <bsdf_clamp_on>0</bsdf_clamp_on>
    <bsdf_clamp>1000000</bsdf_clamp>
    <env_clamp>5.0</env_clamp>
</pt_high>
<pt_medium>
    <min_rays>256</min_rays>
    <max_rays>1024</max_rays>
    <relative_err>4.0</relative_err>
    <ray_bounce>8</ray_bounce>
    <diff_bounce>4</diff_bounce>
    <bsdf_clamp_on>0</bsdf_clamp_on>
    <bsdf_clamp>1000000</bsdf_clamp>
    <env_clamp>5.0</env_clamp>
</pt_medium>
<pt_low>
    <min_rays>64</min_rays>
    <max_rays>256</max_rays>
    <relative_err>8.0</relative_err>
    <ray_bounce>8</ray_bounce>
    <diff_bounce>4</diff_bounce>
    <bsdf_clamp_on>0</bsdf_clamp_on>
    <bsdf_clamp>1000000</bsdf_clamp>
    <env_clamp>5.0</env_clamp>
</pt_low>
<custom>
    <min_rays>1024&#x0A;</min_rays>
    <max_rays>6666&#x0A;</max_rays>
    <relative_err>5&#x0A;</relative_err>
    <ray_bounce>4&#x0A;</ray_bounce>
    <diff_bounce>2&#x0A;</diff_bounce>
    <bsdf_clamp_on>0&#x0A;</bsdf_clamp_on>
    <bsdf_clamp>100&#x0A;</bsdf_clamp>
    <env_clamp>5&#x0A;</env_clamp>
</custom>
